{"diffuseColor":[164.66667175292972,11.408285788409541,11.408285788409541],"metalness":0.25,"roughness":0.26,"fresnelMin":0.33,"fresnelMax":0.47,"fresnelPow":1,"alpha":[0.9,0.9500000000000001,100,100],"diffuseTexture":"materials/_textures/netizens/netizens_07_b.png","normalTexture":"","paramsTexture":"","colorTextureUsage":1,"paramsMapMask":[0,0,0,0],"name":"undefined name"}