{"diffuseColor":[25.05970087986387,40.916523776454085,121.33333841959636],"metalness":0.25,"roughness":0.02,"fresnelMin":0.15,"fresnelMax":0.66,"fresnelPow":2.91,"alpha":[0.9,0.9500000000000001,100,100],"diffuseTexture":"materials/_textures/netizens/netizens_07_b.png","normalTexture":"","paramsTexture":"","colorTextureUsage":1,"paramsMapMask":[0,0,0,0],"name":"undefined name"}