{"diffuseColor":[120.50000508626303,55.77377168441508,46.15229433678875],"metalness":0.62,"roughness":0.01,"fresnelMin":0.15,"fresnelMax":0.32,"fresnelPow":5.53,"alpha":[0.65,0.73,58.1,86.5],"diffuseTexture":"","normalTexture":"","name":"undefined name","paramsTexture":"","colorTextureUsage":0,"paramsMapMask":[0,0,0,0]}