{"diffuseColor":[78.80533770417671,75.22255745349646,145.50000508626303],"metalness":0.66,"roughness":0.14,"fresnelMin":0.23,"fresnelMax":0.43,"fresnelPow":5,"alpha":[0.24,0.62,-41.900000000000006,-15.9],"diffuseTexture":"","normalTexture":"","name":"undefined name","paramsTexture":"","colorTextureUsage":0,"paramsMapMask":[0,0,0,0]}