{"diffuseColor":[21.528108836986604,23.719118658341323,43.000005086263016],"metalness":0.68,"roughness":0.01,"fresnelMin":0.41,"fresnelMax":0.65,"fresnelPow":5.53,"alpha":[0.65,0.73,58.1,86.5],"diffuseTexture":"","normalTexture":"","name":"undefined name","paramsTexture":"","colorTextureUsage":0,"paramsMapMask":[0,0,0,0]}